Address 1, City, Country,Fullname, Zip,ID, State
44 Redwing Alley,Parlier,US,Larry Austin,65434,wL6DDNB4cn,NH
458 Haas Lane,Seaside,US,Joyce Wright,00265-3039,40t9ER3IVP,NY
40170 Sommers Street,San Jose,US,Jeffrey Shaw,32804,Kogb2F46kCT,OR
7630 Briar Crest Drive,Montclair,US,Kevin Porter,99209,yxuVtf4q3qUp4B,IL
8966 Sunnyside Parkway,Torrance,US,Debra Harris,82120-6965,1Xh7HqnSSX,NY
8571 Riverside Plaza,Redding,US,Frances Perez,68351,lEWnSZicJ9v,UT
124 Buell Parkway,Lake Elsinore,US,Stephanie Pierce,40435-3320,krptfhoCTJB0yR,IL
357 Monica Terrace,Simi Valley,US,Angela Garza,76025-0497,l60mjElOhs,CT
46 Westridge Circle,Calimesa,US,Gerald Morrison,74320-1572,oGXLzF3d1eDRkq,AL
9 Caliangt Drive,Hawaiian Gardens,US,Marie Robertson,36412-5644,OwGcBXEdMOJ,VA
